TRANSACTION_ID,USER_ID,MERCHANT_NAME,CATEGORY,AMOUNT,LOCATION,TRANSACTION_DATE,STATUS
862E6A0C5BC9,USER_008,CVS,Retail,294.94,"Chicago, IL",2026-02-12 17:46:36.339450,COMPLETED
F0B1832A1A8B,USER_008,Blue Bottle,Coffee Shops,14.95,"Chicago, IL",2026-02-12 14:14:36.339254,COMPLETED
71FCCE683CDA,USER_010,H&M,Clothing,216.21,"Los Angeles, CA",2026-02-12 04:09:36.340677,COMPLETED
560EEF42DEE0,USER_005,Chipotle,Restaurants,50.51,"New York, NY",2026-02-12 03:20:36.336935,COMPLETED
A870491E3B39,USER_006,Cartier,Jewelry,2468.33,"Los Angeles, CA",2026-02-11 15:13:36.337667,COMPLETED
70624B78AE2A,USER_001,Chipotle,Restaurants,133.41,"Chicago, IL",2026-02-11 12:11:36.333734,COMPLETED
14DCF20B1780,USER_006,Philz Coffee,Coffee Shops,14.62,"Los Angeles, CA",2026-02-11 09:42:36.337134,COMPLETED
0F53C45C2BC6,USER_005,Trader Joe's,Grocery,190.43,"New York, NY",2026-02-10 15:42:36.336295,COMPLETED
0F0D2C288C31,USER_001,Dunkin,Coffee Shops,10.89,"Chicago, IL",2026-02-10 12:30:36.333593,COMPLETED
C8AE0A1E6974,USER_002,Starbucks,Coffee Shops,11.08,"Chicago, IL",2026-02-10 08:15:36.334265,COMPLETED
FE337FD6DB70,USER_008,Costco,Retail,64.01,"Chicago, IL",2026-02-10 02:38:36.339498,COMPLETED
24BF0A017A01,USER_008,B&H Photo,Electronics,1797.54,"Chicago, IL",2026-02-09 12:40:36.339482,COMPLETED
658F1C9190D0,USER_004,Shell,Gas Stations,47.91,"New York, NY",2026-02-09 09:33:36.336220,COMPLETED
67AF9EB55ADE,USER_002,Blue Bottle,Coffee Shops,13.95,"Chicago, IL",2026-02-08 17:44:36.334586,COMPLETED
F020E55ADEDF,USER_008,Macy's,Clothing,385.32,"Chicago, IL",2026-02-08 08:12:36.339695,COMPLETED
EBD8EFAEEB43,USER_009,McDonald's,Restaurants,101.15,"New York, NY",2026-02-07 10:11:36.340054,COMPLETED
51BB3320A65F,USER_002,Macy's,Clothing,371.51,"Chicago, IL",2026-02-07 06:42:36.334760,COMPLETED
FE08C4857135,USER_003,Chevron,Gas Stations,60.06,"New York, NY",2026-02-06 11:18:36.335095,COMPLETED
A1C343CF1070,USER_003,Whole Foods,Grocery,152.3,"Seattle, WA",2026-02-06 03:04:36.335344,COMPLETED
3ABA16AEB2C6,USER_005,Kroger,Grocery,51.48,"New York, NY",2026-02-06 01:41:36.336317,COMPLETED
8075AFA64B30,USER_007,Walmart,Retail,179.09,"Chicago, IL",2026-02-06 01:38:36.339016,COMPLETED
8C140C17D5F6,USER_004,McDonald's,Restaurants,104.4,"New York, NY",2026-02-05 17:53:36.336198,COMPLETED
163F4C635736,USER_008,Costco,Retail,138.98,"Chicago, IL",2026-02-05 16:37:36.339149,COMPLETED
99F0126841B0,USER_007,Shell,Gas Stations,56.31,"Chicago, IL",2026-02-05 03:06:36.338821,COMPLETED
10CC9B9DF92D,USER_009,McDonald's,Restaurants,22.99,"New York, NY",2026-02-04 10:59:36.340084,COMPLETED
5CC88853C315,USER_004,Home Depot,Retail,298.62,"New York, NY",2026-02-04 07:26:36.336260,COMPLETED
91F53B8FCD2F,USER_002,Blue Bottle,Coffee Shops,12.36,"Chicago, IL",2026-02-04 03:28:36.334429,COMPLETED
74D4B6E73054,USER_010,Home Depot,Retail,248.44,"Los Angeles, CA",2026-02-03 15:04:36.340660,COMPLETED
80C1FC086191,USER_010,CVS,Retail,69.93,"Los Angeles, CA",2026-02-03 05:52:36.340499,COMPLETED
DAE378ED924D,USER_004,Starbucks,Coffee Shops,12.71,"New York, NY",2026-02-03 04:24:36.335911,COMPLETED
644231F2EFBF,USER_010,Panera Bread,Restaurants,29.73,"Los Angeles, CA",2026-02-03 02:31:36.340291,COMPLETED
B1E7944706EF,USER_003,Safeway,Grocery,139.78,"Seattle, WA",2026-02-03 01:44:36.335162,COMPLETED
F87F2089EE9A,USER_002,Macy's,Clothing,218.2,"Chicago, IL",2026-02-02 09:35:36.334668,COMPLETED
B22E30E0A06D,USER_003,Amazon,Electronics,1142.85,"Seattle, WA",2026-02-01 09:01:36.335251,COMPLETED
A7F9A8640C90,USER_006,Kay Jewelers,Jewelry,1968.67,"Los Angeles, CA",2026-01-31 09:22:36.337406,COMPLETED
B5F7CDEDF79B,USER_002,CVS,Retail,286.91,"Los Angeles, CA",2026-01-31 06:21:36.334828,COMPLETED
5D1452AA7C6C,USER_004,Zales,Jewelry,4935.9,"New York, NY",2026-01-31 01:36:36.336046,COMPLETED
B395B2618D1A,USER_001,Macy's,Clothing,202.88,"Seattle, WA",2026-01-30 16:48:36.333778,COMPLETED
9AA9FC6DF9F3,USER_002,Target,Retail,65.23,"Chicago, IL",2026-01-30 06:37:36.334328,COMPLETED
A6F4877F2E32,USER_005,Philz Coffee,Coffee Shops,7.11,"New York, NY",2026-01-30 05:10:36.336826,COMPLETED
20DB2F8B7EC7,USER_001,Exxon,Gas Stations,56.91,"Chicago, IL",2026-01-29 17:47:36.333800,COMPLETED
8C3BBD5A3E3A,USER_002,Starbucks,Coffee Shops,4.81,"Chicago, IL",2026-01-29 17:16:36.334647,COMPLETED
1C60E1818853,USER_004,Home Depot,Retail,77.0,"New York, NY",2026-01-29 16:47:36.336133,COMPLETED
1F4C14ED6C55,USER_004,Cartier,Jewelry,634.03,"New York, NY",2026-01-29 12:23:36.336069,COMPLETED
2E196E945595,USER_004,Chevron,Gas Stations,34.94,"New York, NY",2026-01-29 12:03:36.336089,COMPLETED
204C9E6F0C94,USER_001,Macy's,Clothing,334.27,"Chicago, IL",2026-01-29 07:31:36.334087,COMPLETED
D8EA92120831,USER_006,Chipotle,Restaurants,132.92,"Los Angeles, CA",2026-01-29 06:59:36.337305,COMPLETED
640C029B50CC,USER_010,H&M,Clothing,100.44,"Los Angeles, CA",2026-01-29 03:47:36.340226,COMPLETED
D4BC17779D8F,USER_003,Tiffany & Co,Jewelry,2746.14,"Seattle, WA",2026-01-28 17:55:36.335117,COMPLETED
096F2D79E0F6,USER_010,H&M,Clothing,289.03,"Los Angeles, CA",2026-01-28 17:54:36.340616,COMPLETED
B4E18D8E3F13,USER_009,Zara,Clothing,102.53,"New York, NY",2026-01-28 15:18:36.339884,COMPLETED
7365D2962DC8,USER_006,Tiffany & Co,Jewelry,1825.68,"Austin, TX",2026-01-28 13:03:36.337582,COMPLETED
8B30A150547E,USER_010,Gap,Clothing,64.49,"Los Angeles, CA",2026-01-28 12:19:36.340308,COMPLETED
7B3DDBBA3A17,USER_007,Exxon,Gas Stations,31.92,"Chicago, IL",2026-01-28 06:44:36.338922,COMPLETED
80F312576614,USER_008,Starbucks,Coffee Shops,14.68,"Chicago, IL",2026-01-26 11:05:36.339166,COMPLETED
A1EA468C9E8F,USER_002,Macy's,Clothing,217.51,"Chicago, IL",2026-01-26 10:19:36.334178,COMPLETED
F29FF419F510,USER_005,Chipotle,Restaurants,131.87,"New York, NY",2026-01-26 09:45:36.336489,COMPLETED
B07DA44662AD,USER_002,CVS,Retail,275.59,"Chicago, IL",2026-01-26 09:11:36.334738,COMPLETED
0939472DE5F5,USER_005,Albertsons,Grocery,50.15,"New York, NY",2026-01-26 01:05:36.336511,COMPLETED
53F8E555E9E7,USER_007,Whole Foods,Grocery,194.01,"Chicago, IL",2026-01-25 15:44:36.339061,COMPLETED
DA8B8DC1679E,USER_005,Whole Foods,Grocery,122.85,"New York, NY",2026-01-25 13:47:36.336579,COMPLETED
F9283F2C42C8,USER_008,Philz Coffee,Coffee Shops,12.32,"Chicago, IL",2026-01-25 13:09:36.339606,COMPLETED
2C7D1DC47122,USER_007,Shell,Gas Stations,53.69,"Chicago, IL",2026-01-25 02:51:36.338507,COMPLETED
0E3B868BFAE8,USER_005,Panera Bread,Restaurants,76.38,"New York, NY",2026-01-24 12:39:36.336758,COMPLETED
D21483D23D71,USER_007,Safeway,Grocery,179.77,"Chicago, IL",2026-01-24 08:50:36.338693,COMPLETED
B84396102310,USER_010,H&M,Clothing,150.31,"Austin, TX",2026-01-23 12:34:36.340379,COMPLETED
372898F25F6E,USER_008,Chevron,Gas Stations,31.78,"Chicago, IL",2026-01-23 10:31:36.339712,COMPLETED
28205813DA47,USER_002,Starbucks,Coffee Shops,4.15,"Austin, TX",2026-01-23 06:49:36.334243,COMPLETED
539D91ACF89C,USER_007,BP,Gas Stations,55.55,"Chicago, IL",2026-01-22 11:10:36.338673,COMPLETED
F53A968F6DCB,USER_005,McDonald's,Restaurants,109.56,"New York, NY",2026-01-22 10:14:36.336778,COMPLETED
B26761C1FF85,USER_009,CVS,Retail,42.42,"New York, NY",2026-01-22 09:39:36.339853,COMPLETED
9FD071E79826,USER_007,Chevron,Gas Stations,38.17,"Chicago, IL",2026-01-22 01:41:36.338999,COMPLETED
07305717E069,USER_002,Gap,Clothing,40.52,"Seattle, WA",2026-01-21 11:13:36.334550,COMPLETED
EE5A66EF2268,USER_005,Zara,Clothing,353.63,"New York, NY",2026-01-21 09:20:36.336389,COMPLETED
E09C8A6EA222,USER_002,Blue Bottle,Coffee Shops,9.13,"Chicago, IL",2026-01-21 06:15:36.334286,COMPLETED
90789FE8B167,USER_008,Amazon,Electronics,2135.77,"Chicago, IL",2026-01-20 09:22:36.339224,COMPLETED
8A949CFA45CB,USER_005,Albertsons,Grocery,176.28,"New York, NY",2026-01-20 06:44:36.336738,COMPLETED
9FDAC2440EFD,USER_009,CVS,Retail,51.01,"New York, NY",2026-01-19 14:19:36.339792,COMPLETED
2D974C006478,USER_007,Apple Store,Electronics,728.29,"Chicago, IL",2026-01-19 11:34:36.338984,COMPLETED
158044B599F9,USER_005,Kroger,Grocery,64.19,"New York, NY",2026-01-19 11:11:36.336415,COMPLETED
E027FB0E5CD8,USER_009,Zara,Clothing,73.4,"New York, NY",2026-01-19 01:05:36.340115,COMPLETED
7F2DEC406BC0,USER_010,Walmart,Retail,298.47,"Los Angeles, CA",2026-01-18 13:02:36.340341,COMPLETED
F8E21298EAA6,USER_005,Subway,Restaurants,40.15,"New York, NY",2026-01-17 11:46:36.336848,COMPLETED
A4015915018F,USER_009,Olive Garden,Restaurants,139.06,"New York, NY",2026-01-17 01:04:36.339946,COMPLETED
038F24CB06FB,USER_007,Amazon,Electronics,1761.37,"Chicago, IL",2026-01-16 13:35:36.338937,COMPLETED
56ABA3454C71,USER_004,Costco,Retail,120.89,"New York, NY",2026-01-16 08:05:36.335888,COMPLETED
773FCAA4D757,USER_006,Jared,Jewelry,2215.04,"Los Angeles, CA",2026-01-16 02:47:36.337262,COMPLETED
6986F8CF0FA0,USER_009,Philz Coffee,Coffee Shops,10.91,"New York, NY",2026-01-16 02:30:36.339743,COMPLETED
5F88E49CF1B5,USER_003,Best Buy,Electronics,1677.75,"Seattle, WA",2026-01-15 13:06:36.335004,COMPLETED
B6D6D5857646,USER_002,Peets Coffee,Coffee Shops,7.99,"San Francisco, CA",2026-01-14 12:21:36.334220,COMPLETED
85858AFB5CB3,USER_004,Shell,Gas Stations,63.37,"New York, NY",2026-01-14 10:23:36.335714,COMPLETED
FE8307881F86,USER_005,Olive Garden,Restaurants,114.48,"New York, NY",2026-01-13 13:53:36.336913,COMPLETED
9B9D4E4EF26E,USER_003,Chevron,Gas Stations,72.37,"Seattle, WA",2026-01-12 12:43:36.335453,COMPLETED
130268856FE8,USER_003,Trader Joe's,Grocery,156.62,"Seattle, WA",2026-01-11 12:54:36.335398,COMPLETED
0E9BB4C9D90E,USER_001,Zara,Clothing,380.51,"Chicago, IL",2026-01-11 12:01:36.333866,COMPLETED
76D598AFC1CD,USER_007,76,Gas Stations,51.27,"Chicago, IL",2026-01-11 08:33:36.338838,COMPLETED
0C83331EEE6B,USER_003,Safeway,Grocery,110.2,"Seattle, WA",2026-01-11 07:23:36.335205,COMPLETED
A9AF7C5502E8,USER_008,Starbucks,Coffee Shops,12.89,"Chicago, IL",2026-01-11 03:15:36.339404,COMPLETED
99A26FE5E7C1,USER_001,BP,Gas Stations,37.19,"Chicago, IL",2026-01-10 15:36:36.333158,COMPLETED
1D57B47C432F,USER_009,Zara,Clothing,223.78,"New York, NY",2026-01-10 12:00:36.339977,COMPLETED
74A6E6649AE6,USER_001,76,Gas Stations,38.01,"Chicago, IL",2026-01-10 11:44:36.333929,COMPLETED
A33A3EC6B540,USER_006,Dunkin,Coffee Shops,14.44,"Los Angeles, CA",2026-01-10 05:29:36.338284,COMPLETED
368C21A67D8A,USER_005,Chipotle,Restaurants,83.11,"New York, NY",2026-01-10 05:22:36.336601,COMPLETED
BE52AB323A4C,USER_010,Olive Garden,Restaurants,39.6,"Los Angeles, CA",2026-01-09 17:46:36.340694,COMPLETED
97FFCE889017,USER_004,Costco,Retail,189.43,"New York, NY",2026-01-09 16:50:36.335736,COMPLETED
F2C295E1DBE6,USER_005,Macy's,Clothing,84.23,"New York, NY",2026-01-08 12:14:36.336979,COMPLETED
597AF7A1C27B,USER_006,Chipotle,Restaurants,43.27,"Los Angeles, CA",2026-01-08 07:28:36.337387,COMPLETED
3623A971C979,USER_010,Target,Retail,154.19,"Los Angeles, CA",2026-01-08 05:07:36.340544,COMPLETED
43CF6AAF557A,USER_005,Subway,Restaurants,45.17,"San Francisco, CA",2026-01-08 01:35:36.336707,COMPLETED
E70A5B83521C,USER_005,Subway,Restaurants,39.53,"New York, NY",2026-01-07 15:55:36.336534,COMPLETED
DDF049F85F10,USER_001,Philz Coffee,Coffee Shops,13.16,"Chicago, IL",2026-01-07 07:58:36.334040,COMPLETED
37CA22C2871C,USER_009,Zales,Jewelry,2432.14,"Los Angeles, CA",2026-01-06 15:44:36.339931,COMPLETED
6440727F1A33,USER_007,Blue Bottle,Coffee Shops,12.78,"Chicago, IL",2026-01-06 15:28:36.338596,COMPLETED
6BAF35F2690D,USER_006,Chipotle,Restaurants,139.09,"Los Angeles, CA",2026-01-06 10:14:36.338338,COMPLETED
417698AB38C0,USER_010,Zara,Clothing,336.89,"Los Angeles, CA",2026-01-06 01:36:36.340427,COMPLETED
AB79038927A3,USER_002,H&M,Clothing,267.96,"Boston, MA",2026-01-05 13:57:36.334691,COMPLETED
C8AA737C6F53,USER_010,Chipotle,Restaurants,62.46,"Los Angeles, CA",2026-01-05 10:03:36.340631,COMPLETED
60B184471E34,USER_008,CVS,Retail,199.16,"Chicago, IL",2026-01-05 08:35:36.339378,COMPLETED
AA1C84A4E4A7,USER_006,Starbucks,Coffee Shops,13.36,"Los Angeles, CA",2026-01-05 02:21:36.338393,COMPLETED
152D54F5F160,USER_009,Walmart,Retail,122.13,"New York, NY",2026-01-04 12:30:36.340148,COMPLETED
0ADE663AD5C1,USER_009,Home Depot,Retail,45.82,"New York, NY",2026-01-04 08:42:36.340100,COMPLETED
FD2BFD7A4BFA,USER_001,Blue Bottle,Coffee Shops,9.01,"Chicago, IL",2026-01-04 03:33:36.333668,COMPLETED
77F28468EC36,USER_006,Chipotle,Restaurants,131.44,"New York, NY",2026-01-03 03:20:36.337425,COMPLETED
188385427988,USER_007,Chipotle,Restaurants,107.6,"Chicago, IL",2026-01-03 02:39:36.338612,COMPLETED
368B0DFDB813,USER_005,Cartier,Jewelry,895.89,"New York, NY",2026-01-02 09:42:36.337003,COMPLETED
86668D9A3997,USER_007,76,Gas Stations,47.99,"Chicago, IL",2026-01-02 07:46:36.339046,COMPLETED
2A21E5025C79,USER_001,H&M,Clothing,118.46,"Los Angeles, CA",2026-01-02 05:35:36.334065,COMPLETED
BFF68EEEF53B,USER_002,Zara,Clothing,216.62,"Chicago, IL",2026-01-02 02:00:36.334527,COMPLETED
7D0C2FF01356,USER_007,Kroger,Grocery,84.25,"Chicago, IL",2026-01-01 04:41:36.339096,COMPLETED
AE6EAD76E714,USER_002,Blue Bottle,Coffee Shops,12.36,"Chicago, IL",2026-01-01 02:27:36.334805,COMPLETED
17043ED6C4A0,USER_006,Dunkin,Coffee Shops,6.71,"New York, NY",2025-12-31 08:23:36.337198,COMPLETED
7F0D00C4A131,USER_008,Best Buy,Electronics,1823.71,"Chicago, IL",2025-12-31 07:01:36.339434,COMPLETED
88328B765CA0,USER_005,Whole Foods,Grocery,229.34,"New York, NY",2025-12-31 01:09:36.336339,COMPLETED
670B4CA11EB4,USER_009,CVS,Retail,140.68,"New York, NY",2025-12-30 10:13:36.339760,COMPLETED
6B5EC70DEA02,USER_007,Blue Bottle,Coffee Shops,12.05,"Chicago, IL",2025-12-29 10:46:36.338575,COMPLETED
11D8FDA3FF6D,USER_003,Albertsons,Grocery,93.62,"Seattle, WA",2025-12-29 06:53:36.334890,COMPLETED
8BCB2C62DBF0,USER_003,Albertsons,Grocery,80.96,"Seattle, WA",2025-12-28 16:31:36.335140,COMPLETED
558BCB22A17F,USER_009,Subway,Restaurants,137.69,"New York, NY",2025-12-28 11:37:36.340023,COMPLETED
1CC19016B9AF,USER_005,Olive Garden,Restaurants,17.31,"New York, NY",2025-12-28 10:16:36.336957,COMPLETED
3498869A4151,USER_001,Peets Coffee,Coffee Shops,13.26,"Chicago, IL",2025-12-28 09:56:36.333017,COMPLETED
4DDB58298A9E,USER_006,Philz Coffee,Coffee Shops,14.66,"Los Angeles, CA",2025-12-28 04:30:36.338301,COMPLETED
8D9ACD83FBD7,USER_004,Chipotle,Restaurants,72.54,"New York, NY",2025-12-27 15:40:36.336156,COMPLETED
3C735479C4F5,USER_001,Macy's,Clothing,293.58,"Chicago, IL",2025-12-27 09:36:36.333690,COMPLETED
23D09664AEAB,USER_008,Best Buy,Electronics,820.41,"Chicago, IL",2025-12-26 17:35:36.339586,COMPLETED
7C6BE67BAF55,USER_009,Olive Garden,Restaurants,42.05,"New York, NY",2025-12-26 13:36:36.339899,COMPLETED
87B26AABE72D,USER_010,Costco,Retail,200.47,"Los Angeles, CA",2025-12-26 13:14:36.340485,COMPLETED
5FF1086CCA82,USER_001,Gap,Clothing,173.25,"Chicago, IL",2025-12-26 09:07:36.333272,COMPLETED
B14A68122EA2,USER_002,Starbucks,Coffee Shops,9.52,"Chicago, IL",2025-12-26 07:24:36.334307,COMPLETED
9F0163118726,USER_004,BP,Gas Stations,71.07,"Chicago, IL",2025-12-26 04:02:36.335803,COMPLETED
9B9A61F430F8,USER_009,B&H Photo,Electronics,411.26,"New York, NY",2025-12-25 13:40:36.339869,COMPLETED
3A59AF802F52,USER_010,Panera Bread,Restaurants,117.78,"Los Angeles, CA",2025-12-25 11:49:36.340243,COMPLETED
57786AE63BE3,USER_001,Peets Coffee,Coffee Shops,7.76,"Chicago, IL",2025-12-25 04:24:36.333995,COMPLETED
34E4DBAC578E,USER_008,Walmart,Retail,29.95,"Chicago, IL",2025-12-25 03:40:36.339623,COMPLETED
D99067B39D91,USER_008,Starbucks,Coffee Shops,3.85,"Chicago, IL",2025-12-24 16:28:36.339240,COMPLETED
52F8EE3DA003,USER_001,Tiffany & Co,Jewelry,1252.34,"Chicago, IL",2025-12-24 15:41:36.333845,COMPLETED
83CE47B52DEC,USER_010,Olive Garden,Restaurants,81.9,"Los Angeles, CA",2025-12-24 07:34:36.340587,COMPLETED
CCFF14770E32,USER_002,Zara,Clothing,304.59,"Chicago, IL",2025-12-24 05:36:36.334568,COMPLETED
527EE13E6100,USER_010,Subway,Restaurants,117.72,"Los Angeles, CA",2025-12-23 17:15:36.340412,COMPLETED
9D5C6FD39C12,USER_001,Exxon,Gas Stations,50.62,"Chicago, IL",2025-12-23 14:46:36.333247,COMPLETED
1CFC94A21F1B,USER_005,Target,Retail,107.47,"New York, NY",2025-12-23 08:06:36.337028,COMPLETED
3C39F64A19F1,USER_007,Apple Store,Electronics,659.49,"Chicago, IL",2025-12-23 04:32:36.338765,COMPLETED
12F7110BCA20,USER_003,Cartier,Jewelry,4154.97,"Seattle, WA",2025-12-22 17:15:36.335276,COMPLETED
B99A1AA92F8D,USER_006,Peets Coffee,Coffee Shops,5.38,"Los Angeles, CA",2025-12-22 16:28:36.338372,COMPLETED
C477BE3D3A1D,USER_004,Walmart,Retail,91.07,"New York, NY",2025-12-22 15:18:36.335781,COMPLETED
368296DDAC9E,USER_007,Micro Center,Electronics,1087.37,"Chicago, IL",2025-12-22 06:44:36.338799,COMPLETED
446D39869C26,USER_003,Tiffany & Co,Jewelry,4418.17,"Seattle, WA",2025-12-21 09:35:36.335299,COMPLETED
94CFBBBC5795,USER_009,Panera Bread,Restaurants,71.16,"New York, NY",2025-12-20 14:25:36.339962,COMPLETED
57B76C1B6814,USER_009,Costco,Retail,250.12,"New York, NY",2025-12-20 14:19:36.340131,COMPLETED
B4886B301A73,USER_008,Philz Coffee,Coffee Shops,4.92,"Chicago, IL",2025-12-20 09:50:36.339318,COMPLETED
91EE62E7B2D3,USER_003,Zales,Jewelry,2335.43,"Seattle, WA",2025-12-20 09:07:36.334981,COMPLETED
CC40D1A19BBA,USER_006,Peets Coffee,Coffee Shops,6.2,"Los Angeles, CA",2025-12-20 08:35:36.337220,COMPLETED
0D3DEBAB1F3C,USER_009,Subway,Restaurants,83.18,"New York, NY",2025-12-20 02:48:36.340008,COMPLETED
0DD098E5FC99,USER_001,Home Depot,Retail,176.76,"Chicago, IL",2025-12-19 03:03:36.333951,COMPLETED
A2487B9076BD,USER_005,Olive Garden,Restaurants,115.54,"New York, NY",2025-12-18 16:15:36.336557,COMPLETED
DBF253184A35,USER_008,Peets Coffee,Coffee Shops,13.48,"Los Angeles, CA",2025-12-18 15:22:36.339131,COMPLETED
F552A8F37F84,USER_006,Subway,Restaurants,30.71,"Los Angeles, CA",2025-12-18 08:18:36.337348,COMPLETED
0808A47E8FC7,USER_006,McDonald's,Restaurants,18.31,"Los Angeles, CA",2025-12-17 15:22:36.337694,COMPLETED
D9B78D44698F,USER_001,CVS,Retail,290.53,"Chicago, IL",2025-12-17 07:27:36.333822,COMPLETED
A5226EE85D9A,USER_002,Philz Coffee,Coffee Shops,14.17,"Chicago, IL",2025-12-16 15:34:36.334716,COMPLETED
8F108C39F521,USER_009,Home Depot,Retail,251.27,"New York, NY",2025-12-16 12:23:36.339807,COMPLETED
E3233A8DD7B8,USER_003,Zales,Jewelry,4727.73,"Seattle, WA",2025-12-16 11:06:36.335564,COMPLETED
264F81A58BA2,USER_009,CVS,Retail,237.5,"New York, NY",2025-12-16 02:20:36.339992,COMPLETED
7C4FA170D92E,USER_001,Gap,Clothing,163.93,"Chicago, IL",2025-12-15 10:08:36.333711,COMPLETED
27CD4C23B96A,USER_007,Chevron,Gas Stations,52.31,"Chicago, IL",2025-12-15 09:43:36.338952,COMPLETED
53AF8374B62A,USER_004,Cartier,Jewelry,1339.17,"New York, NY",2025-12-15 08:56:36.335978,COMPLETED
B29FE357A50E,USER_007,Chevron,Gas Stations,69.1,"Chicago, IL",2025-12-15 08:19:36.338729,COMPLETED
2B4F11B927A8,USER_007,Best Buy,Electronics,2431.5,"Chicago, IL",2025-12-15 07:17:36.338746,COMPLETED
F870B272BA89,USER_003,Amazon,Electronics,1207.89,"Seattle, WA",2025-12-14 08:21:36.335071,COMPLETED
1B5C35EEED24,USER_008,Micro Center,Electronics,2173.56,"Chicago, IL",2025-12-14 06:56:36.339556,COMPLETED
19252C488CE3,USER_009,Nordstrom,Clothing,252.09,"New York, NY",2025-12-14 05:53:36.340069,COMPLETED
51537F3D9C7F,USER_002,Dunkin,Coffee Shops,5.07,"Chicago, IL",2025-12-13 17:50:36.334782,COMPLETED
7E535C5B7CCC,USER_004,CVS,Retail,170.57,"New York, NY",2025-12-13 12:43:36.336111,COMPLETED
40E3F39ECFFB,USER_009,McDonald's,Restaurants,129.09,"New York, NY",2025-12-13 08:17:36.340199,COMPLETED
A278D3B581A7,USER_010,Costco,Retail,281.44,"Los Angeles, CA",2025-12-11 17:09:36.340602,COMPLETED
D9B44E51D3D7,USER_001,Nordstrom,Clothing,139.51,"Chicago, IL",2025-12-11 15:46:36.334109,COMPLETED
D7AE826D144B,USER_002,Gap,Clothing,153.21,"Chicago, IL",2025-12-11 09:50:36.334199,COMPLETED
CDAEB5A6C953,USER_002,Zara,Clothing,134.56,"Chicago, IL",2025-12-10 09:52:36.334506,COMPLETED
616F30E56EDC,USER_007,BP,Gas Stations,66.05,"Chicago, IL",2025-12-10 08:09:36.338521,COMPLETED
84FC0965754B,USER_002,Dunkin,Coffee Shops,11.09,"Chicago, IL",2025-12-10 06:53:36.334851,COMPLETED
46F873BC3B1B,USER_001,Shell,Gas Stations,69.22,"Chicago, IL",2025-12-09 13:43:36.334016,COMPLETED
1EA378302C31,USER_004,Home Depot,Retail,186.95,"New York, NY",2025-12-08 14:35:36.335955,COMPLETED
68298E5FA585,USER_005,Chipotle,Restaurants,148.04,"New York, NY",2025-12-08 14:06:36.336892,COMPLETED
DF70F968E3B3,USER_002,Trader Joe's,Grocery,210.09,"Chicago, IL",2025-12-08 12:49:36.334626,COMPLETED
25962E42A52F,USER_010,Olive Garden,Restaurants,22.38,"Los Angeles, CA",2025-12-08 11:36:36.340645,COMPLETED
598A07BC39AE,USER_007,B&H Photo,Electronics,1331.99,"Chicago, IL",2025-12-08 11:26:36.338490,COMPLETED
FC6FE8BAB32B,USER_001,Blue Bottle,Coffee Shops,8.97,"Los Angeles, CA",2025-12-08 06:04:36.333757,COMPLETED
64838B0C4CC1,USER_004,76,Gas Stations,65.71,"New York, NY",2025-12-08 04:52:36.336000,COMPLETED
39B9F667A61C,USER_002,Nordstrom,Clothing,163.61,"Chicago, IL",2025-12-07 11:53:36.334350,COMPLETED
AAE2E610AE64,USER_007,Shell,Gas Stations,56.26,"Chicago, IL",2025-12-06 17:05:36.339031,COMPLETED
4816EA230A8A,USER_003,Kay Jewelers,Jewelry,868.56,"Seattle, WA",2025-12-06 12:08:36.334936,COMPLETED
353766D15372,USER_002,Blue Bottle,Coffee Shops,3.01,"Chicago, IL",2025-12-06 09:42:36.334484,COMPLETED
3CBACCC26EB8,USER_006,Kay Jewelers,Jewelry,3712.93,"Chicago, IL",2025-12-05 17:57:36.337156,COMPLETED
0D5EDF176FF0,USER_010,McDonald's,Restaurants,123.37,"Los Angeles, CA",2025-12-05 16:33:36.340456,COMPLETED
17EB6D95E12A,USER_008,Costco,Retail,175.68,"Chicago, IL",2025-12-05 07:40:36.339660,COMPLETED
8984CA037FE2,USER_006,Dunkin,Coffee Shops,3.68,"Los Angeles, CA",2025-12-05 03:26:36.337326,COMPLETED
02129E62549B,USER_002,Costco,Retail,271.78,"Chicago, IL",2025-12-04 16:09:36.334605,COMPLETED
74B673A17D72,USER_009,Panera Bread,Restaurants,33.66,"New York, NY",2025-12-04 13:22:36.340038,COMPLETED
8F5304B28316,USER_005,Safeway,Grocery,51.66,"New York, NY",2025-12-04 10:00:36.336437,COMPLETED
6FB0C81861DA,USER_002,Gap,Clothing,45.09,"Chicago, IL",2025-12-04 09:48:36.334460,COMPLETED
077EA0392A01,USER_004,Cartier,Jewelry,3084.93,"New York, NY",2025-12-03 04:36:36.335933,COMPLETED
83D8176AC2FA,USER_005,Chevron,Gas Stations,54.21,"New York, NY",2025-12-02 16:17:36.337051,COMPLETED
D0BAD2FC58E8,USER_008,Starbucks,Coffee Shops,8.53,"Chicago, IL",2025-12-02 02:07:36.339678,COMPLETED
19628DDD266A,USER_006,Kay Jewelers,Jewelry,3454.38,"Los Angeles, CA",2025-12-01 11:53:36.337241,COMPLETED
C680BC8A426A,USER_010,Chipotle,Restaurants,26.59,"Los Angeles, CA",2025-12-01 10:56:36.340471,COMPLETED
B3BEE1822162,USER_008,Dunkin,Coffee Shops,11.56,"Chicago, IL",2025-12-01 10:35:36.339419,COMPLETED
F259BE47716B,USER_003,Micro Center,Electronics,799.69,"Seattle, WA",2025-12-01 08:03:36.335027,COMPLETED
A6E227A084E1,USER_004,Shell,Gas Stations,73.45,"New York, NY",2025-12-01 06:51:36.336023,COMPLETED
C20999A39C33,USER_003,Cartier,Jewelry,1245.13,"Seattle, WA",2025-12-01 03:04:36.335321,COMPLETED
54E158D51183,USER_001,Peets Coffee,Coffee Shops,11.75,"Chicago, IL",2025-12-01 02:41:36.333908,COMPLETED
5F46F7864363,USER_010,McDonald's,Restaurants,71.07,"Los Angeles, CA",2025-11-30 15:46:36.340324,COMPLETED
582CC0F78388,USER_010,McDonald's,Restaurants,107.43,"Los Angeles, CA",2025-11-30 13:49:36.340275,COMPLETED
FE8BAA76ACB9,USER_005,Zara,Clothing,139.25,"New York, NY",2025-11-30 10:02:36.336802,COMPLETED
F7A14052F171,USER_009,Walmart,Retail,161.24,"New York, NY",2025-11-30 08:49:36.339914,COMPLETED
BCAE574FE7B8,USER_010,Zara,Clothing,117.19,"Los Angeles, CA",2025-11-30 08:40:36.340530,COMPLETED
5B0EDC9535F6,USER_006,Blue Bottle,Coffee Shops,11.82,"Los Angeles, CA",2025-11-30 01:58:36.338265,COMPLETED
2F981A67CB14,USER_001,Albertsons,Grocery,203.65,"Chicago, IL",2025-11-30 01:31:36.333645,COMPLETED
682B17E0C5A1,USER_005,Trader Joe's,Grocery,168.18,"Seattle, WA",2025-11-29 17:47:36.336468,COMPLETED
D28BE6989BDE,USER_010,Gap,Clothing,53.67,"Los Angeles, CA",2025-11-29 17:44:36.340711,COMPLETED
8B413F11C9E5,USER_006,Philz Coffee,Coffee Shops,13.67,"Los Angeles, CA",2025-11-29 07:16:36.337178,COMPLETED
C35D2589F1C4,USER_009,Panera Bread,Restaurants,110.82,"New York, NY",2025-11-29 02:53:36.340181,COMPLETED
8222666C7453,USER_008,Apple Store,Electronics,458.02,"Chicago, IL",2025-11-28 15:42:36.339335,COMPLETED
7F6EE7FA55B7,USER_003,Jared,Jewelry,1130.41,"Seattle, WA",2025-11-28 11:56:36.335497,COMPLETED
E90BED901CC0,USER_008,Micro Center,Electronics,1910.37,"Chicago, IL",2025-11-28 11:09:36.339641,COMPLETED
1F1C9DA666E9,USER_004,Zales,Jewelry,1778.83,"New York, NY",2025-11-28 10:46:36.335825,COMPLETED
4A57F96595D0,USER_005,Trader Joe's,Grocery,173.05,"New York, NY",2025-11-28 09:23:36.336870,COMPLETED
A0B51098DBB2,USER_004,Home Depot,Retail,269.9,"New York, NY",2025-11-28 05:14:36.335667,COMPLETED
0517A45087C8,USER_002,Dunkin,Coffee Shops,4.97,"Chicago, IL",2025-11-27 13:50:36.334408,COMPLETED
18CF450FF300,USER_001,Gap,Clothing,331.41,"Chicago, IL",2025-11-27 13:49:36.333973,COMPLETED
77814FC634C6,USER_003,Kroger,Grocery,101.72,"Seattle, WA",2025-11-27 01:24:36.335519,COMPLETED
213FA09264F5,USER_006,Dunkin,Coffee Shops,4.78,"Los Angeles, CA",2025-11-26 15:55:36.338409,COMPLETED
515DCDB78E5C,USER_009,Peets Coffee,Coffee Shops,13.96,"New York, NY",2025-11-26 15:51:36.339776,COMPLETED
1F76E3B2E2B8,USER_006,Olive Garden,Restaurants,21.5,"Los Angeles, CA",2025-11-26 15:46:36.338442,COMPLETED
4FF547D46380,USER_010,Amazon,Electronics,498.84,"Los Angeles, CA",2025-11-26 11:17:36.340398,COMPLETED
79C1557F41F0,USER_005,Gap,Clothing,290.67,"New York, NY",2025-11-26 03:32:36.337074,COMPLETED
85C37BDAC79E,USER_008,Costco,Retail,211.8,"Chicago, IL",2025-11-26 01:45:36.339181,COMPLETED
0FD8C6E384FF,USER_003,Albertsons,Grocery,194.23,"Seattle, WA",2025-11-25 14:17:36.334913,COMPLETED
BF7DBDB275C4,USER_004,76,Gas Stations,78.17,"New York, NY",2025-11-25 10:28:36.335622,COMPLETED
CA10161BD0DC,USER_007,Amazon,Electronics,2320.08,"Chicago, IL",2025-11-25 07:40:36.339079,COMPLETED
FFB214C5D1D9,USER_007,B&H Photo,Electronics,2408.77,"Chicago, IL",2025-11-25 01:32:36.338853,COMPLETED
725BE7C6172E,USER_008,Costco,Retail,186.11,"Chicago, IL",2025-11-24 11:11:36.339210,COMPLETED
C555CC3969BC,USER_007,Amazon,Electronics,230.21,"Chicago, IL",2025-11-24 07:12:36.338474,COMPLETED
9083B4D4CB82,USER_006,Philz Coffee,Coffee Shops,7.22,"Los Angeles, CA",2025-11-23 11:09:36.337284,COMPLETED
FAC48CAE0F91,USER_004,76,Gas Stations,47.43,"New York, NY",2025-11-23 07:00:36.335759,COMPLETED
D695D408E5F2,USER_008,B&H Photo,Electronics,262.03,"Chicago, IL",2025-11-22 07:53:36.339297,COMPLETED
410C68759CBB,USER_003,Micro Center,Electronics,1856.15,"Seattle, WA",2025-11-22 05:43:36.335540,COMPLETED
6EB129929E13,USER_010,Macy's,Clothing,288.53,"Los Angeles, CA",2025-11-22 05:35:36.340259,COMPLETED
E3BC08D83F4A,USER_006,Kay Jewelers,Jewelry,3202.28,"Los Angeles, CA",2025-11-22 02:24:36.338426,COMPLETED
27F54F18A509,USER_007,Chevron,Gas Stations,67.21,"Chicago, IL",2025-11-21 17:18:36.338900,COMPLETED
D2049A72D135,USER_008,Target,Retail,188.37,"Chicago, IL",2025-11-21 10:41:36.339514,COMPLETED
99041E66A74B,USER_009,Olive Garden,Restaurants,131.96,"New York, NY",2025-11-21 10:07:36.339837,COMPLETED
A49492DBAFD1,USER_009,Walmart,Retail,127.27,"New York, NY",2025-11-21 10:01:36.339822,COMPLETED
2F7CD77C2D77,USER_006,McDonald's,Restaurants,95.5,"Los Angeles, CA",2025-11-21 07:41:36.338321,COMPLETED
CEA6431CBE41,USER_003,Kay Jewelers,Jewelry,745.65,"Seattle, WA",2025-11-21 06:26:36.335475,COMPLETED
13FA3732973D,USER_003,Best Buy,Electronics,2186.67,"Seattle, WA",2025-11-21 05:39:36.335422,COMPLETED
CA4BA127378F,USER_004,Chevron,Gas Stations,61.57,"New York, NY",2025-11-21 05:28:36.336177,COMPLETED
216A0CEDF42A,USER_003,Kay Jewelers,Jewelry,3048.46,"Seattle, WA",2025-11-21 01:27:36.335049,COMPLETED
24078E8750FF,USER_001,Kroger,Grocery,204.59,"New York, NY",2025-11-20 06:23:36.333295,COMPLETED
6F69205023EA,USER_009,Subway,Restaurants,147.69,"New York, NY",2025-11-19 14:38:36.340165,COMPLETED
1AA7C2C3ED83,USER_003,Tiffany & Co,Jewelry,3712.92,"Seattle, WA",2025-11-19 06:50:36.334959,COMPLETED
3B6D03E8582C,USER_001,Peets Coffee,Coffee Shops,3.03,"Chicago, IL",2025-11-19 05:22:36.334131,COMPLETED
ECD04B619481,USER_008,Blue Bottle,Coffee Shops,12.38,"Chicago, IL",2025-11-19 02:52:36.339197,COMPLETED
667A9152480F,USER_001,Kroger,Grocery,145.25,"Chicago, IL",2025-11-18 16:44:36.333887,COMPLETED
99E41A2D3676,USER_007,Micro Center,Electronics,1960.35,"Chicago, IL",2025-11-18 09:01:36.338968,COMPLETED
F04E8AB43C70,USER_010,Gap,Clothing,303.59,"Los Angeles, CA",2025-11-18 07:54:36.340442,COMPLETED
6F4FDF9F1B09,USER_006,Zales,Jewelry,4689.62,"Los Angeles, CA",2025-11-17 16:23:36.338244,COMPLETED
B88ADF9D25EF,USER_006,Chipotle,Restaurants,87.47,"Los Angeles, CA",2025-11-17 09:33:36.338204,COMPLETED
7B8083BA7D10,USER_004,Chipotle,Restaurants,27.72,"New York, NY",2025-11-16 17:09:36.335867,COMPLETED
6DDF12272A87,USER_010,Costco,Retail,77.42,"Los Angeles, CA",2025-11-16 15:53:36.340515,COMPLETED
A147F5E2F63C,USER_003,Tiffany & Co,Jewelry,3762.84,"Seattle, WA",2025-11-16 15:46:36.335184,COMPLETED
0C994A3B5ABF,USER_004,CVS,Retail,288.33,"New York, NY",2025-11-16 11:43:36.335846,COMPLETED
916C30F0651E,USER_004,Safeway,Grocery,94.82,"New York, NY",2025-11-16 07:38:36.335692,COMPLETED
958723291851,USER_010,B&H Photo,Electronics,2425.74,"Los Angeles, CA",2025-11-16 05:30:36.340570,COMPLETED
4C585B3387F8,USER_001,Trader Joe's,Grocery,56.15,"Chicago, IL",2025-11-15 14:29:36.333194,COMPLETED
209736520B2D,USER_003,Gap,Clothing,87.0,"Seattle, WA",2025-11-15 13:43:36.335229,COMPLETED
2F319E62D3DB,USER_007,CVS,Retail,185.18,"Chicago, IL",2025-11-15 13:01:36.338654,COMPLETED
1D3FF33380C1,USER_004,BP,Gas Stations,56.56,"New York, NY",2025-11-15 07:13:36.336241,COMPLETED
B0527233BC9A,USER_003,Micro Center,Electronics,2385.14,"Seattle, WA",2025-11-14 12:46:36.335585,COMPLETED
42DA5B55E741,USER_006,Tiffany & Co,Jewelry,2733.14,"Los Angeles, CA",2025-11-14 11:30:36.337112,COMPLETED
E2CF9FAAC957,USER_004,Jared,Jewelry,2467.79,"New York, NY",2025-11-14 07:10:36.335645,COMPLETED
49DE779ADA11,USER_008,Philz Coffee,Coffee Shops,4.04,"Chicago, IL",2025-11-14 03:30:36.339466,COMPLETED
